id,year,week,away,home,away_spread,home_spread,total_line,away_score,home_score,away_home_game_count,away_away_game_count,away_ppg,away_pass_comp_pg,away_pass_yd_pg,away_pass_td_pg,away_int_thrown_pg,away_sacks_taken_pg,away_rush_att_pg,away_rush_yds_pg,away_rush_td_pg,away_fgm_pg,away_fga_pg,away_pnt_pg,away_3d_conv_pg,away_3d_att_pg,away_4d_conv_pg,away_4d_att_pg,away_top,away_opp_ppg,away_opp_pass_comp_pg,away_opp_pass_yd_pg,away_opp_pass_td_pg,away_opp_int_thrown_pg,away_opp_sacks_taken_pg,away_opp_rush_att_pg,away_opp_rush_yds_pg,away_opp_rush_td_pg,away_opp_fgm_pg,away_opp_fga_pg,away_opp_pnt_pg,away_opp_3d_conv_pg,away_opp_3d_att_pg,away_opp_4d_conv_pg,away_opp_4d_att_pg,away_opp_top,home_home_game_count,home_away_game_count,home_ppg,home_pass_comp_pg,home_pass_yd_pg,home_pass_td_pg,home_int_thrown_pg,home_sacks_taken_pg,home_rush_att_pg,home_rush_yds_pg,home_rush_td_pg,home_fgm_pg,home_fga_pg,home_pnt_pg,home_3d_conv_pg,home_3d_att_pg,home_4d_conv_pg,home_4d_att_pg,home_top,home_opp_ppg,home_opp_pass_comp_pg,home_opp_pass_yd_pg,home_opp_pass_td_pg,home_opp_int_thrown_pg,home_opp_sacks_taken_pg,home_opp_rush_att_pg,home_opp_rush_yds_pg,home_opp_rush_td_pg,home_opp_fgm_pg,home_opp_fga_pg,home_opp_pnt_pg,home_opp_3d_conv_pg,home_opp_3d_att_pg,home_opp_4d_conv_pg,home_opp_4d_att_pg,home_opp_top
1,2024,9,lions,packers,-2.5,2.5,48.5,24,14,2,2,43.0,18.75,222.25,3.0,0.0,3.5,28.75,152.0,2.25,1.5,1.5,3.0,3.5,8.75,0.25,0.75,28.52,20.25,26.75,270.75,0.75,1.75,3.0,22.25,120.75,1.25,1.5,1.75,3.5,3.75,11.0,0.75,2.0,31.48,2,2,28.0,19.75,226.75,2.5,1.25,1.5,31.75,139.25,0.75,1.75,2.0,4.0,3.75,10.25,0.25,0.25,31.69,20.25,20.5,201.0,1.0,0.5,2.0,26.75,114.0,1.0,1.75,1.75,4.5,4.25,12.0,0.75,1.25,28.31
2,2024,9,rams,seahawks,-1.5,1.5,48.5,26,20,3,1,21.75,22.0,215.5,1.25,1.0,1.75,28.5,118.75,1.0,1.0,1.5,3.25,4.75,11.75,0.75,1.5,30.88,20.75,17.75,185.5,1.25,1.0,2.5,27.25,110.75,0.75,2.25,2.25,4.25,2.25,9.75,0.25,0.25,29.12,3,1,22.0,24.5,243.5,1.0,0.75,2.5,18.5,72.25,0.75,1.5,1.75,4.0,3.75,11.25,0.75,1.75,25.1,27.5,22.5,248.75,2.0,0.75,1.75,33.25,180.5,1.0,1.75,2.0,3.5,7.0,14.5,0.75,1.0,34.9
3,2024,9,colts,vikings,5.5,-5.5,46.5,13,21,1,3,22.5,19.0,201.5,1.5,0.5,2.25,27.75,124.25,0.75,2.25,2.25,5.5,5.0,13.75,1.0,1.0,28.62,21.75,21.0,220.5,1.25,0.5,1.0,30.0,139.0,1.0,2.0,2.25,4.75,4.25,12.25,0.5,1.0,31.38,2,2,25.75,18.75,220.25,1.5,0.75,3.25,26.75,101.25,0.75,2.25,2.25,3.75,3.5,10.25,0.0,0.5,30.05,26.75,27.0,280.75,3.0,1.75,2.0,23.0,93.25,0.5,0.5,1.0,4.0,4.25,12.25,0.25,1.25,29.95
4,2024,9,buccaneers,chiefs,9.0,-9.0,45.5,24,30,2,2,34.5,27.75,294.0,3.25,1.75,1.25,28.25,166.0,0.75,1.5,1.75,2.0,8.0,13.0,0.5,0.75,32.33,33.75,26.0,307.0,3.5,0.75,3.25,24.5,131.75,0.25,2.0,2.75,3.0,4.75,11.75,1.5,1.75,27.98,1,3,24.5,22.5,236.5,0.75,1.25,2.0,33.25,126.5,2.0,1.75,2.25,2.5,8.75,15.0,0.5,0.75,34.16,15.25,19.25,186.75,1.25,1.0,2.25,21.0,58.75,0.5,1.25,1.5,4.0,4.0,11.75,0.5,1.5,25.84
5,2024,10,bengals,ravens,6.0,-6.0,52.5,34,35,2,2,24.0,21.75,203.0,2.0,0.5,2.25,24.0,92.0,0.75,1.0,1.5,4.25,6.0,13.0,0.25,0.75,28.71,20.5,22.5,210.5,0.75,0.75,2.75,28.0,104.25,1.5,1.0,1.75,4.25,6.0,14.5,1.25,2.25,31.29,2,2,34.0,19.0,276.0,2.75,0.25,2.0,30.5,167.75,1.25,2.0,2.25,2.25,3.5,9.0,0.25,0.75,30.45,23.25,25.5,281.75,2.25,0.75,3.0,25.25,94.75,0.25,2.0,2.5,2.5,7.25,14.5,0.75,1.75,29.55
6,2024,10,patriots,bears,6.0,-6.0,39.5,19,3,2,2,19.75,23.25,196.75,1.5,1.0,3.0,23.0,85.5,1.0,0.75,1.0,4.75,4.75,12.75,1.0,1.25,28.89,28.75,18.0,206.5,2.0,0.5,1.0,33.5,160.5,1.25,1.5,2.0,3.75,5.25,11.75,0.0,0.5,33.08,2,2,23.75,18.75,198.5,1.5,0.25,3.25,31.0,137.75,1.5,1.0,1.25,4.25,3.5,12.0,0.75,1.75,30.8,18.25,20.0,208.0,0.75,0.5,3.25,26.25,142.25,1.0,2.0,2.5,4.25,5.0,13.75,0.75,1.5,29.2
7,2024,10,bills,colts,-4.0,4.0,46.5,30,20,2,2,29.5,22.25,259.25,2.25,0.5,1.25,26.5,120.25,1.25,1.75,2.0,3.0,5.25,11.5,0.5,0.5,30.74,16.75,23.5,224.25,1.25,0.75,2.0,23.25,97.75,0.5,1.5,2.0,3.0,3.75,10.75,0.5,1.0,29.26,1,3,17.25,14.5,154.25,0.75,0.75,2.0,27.5,116.5,0.5,2.25,2.5,5.25,4.0,13.0,1.0,1.25,26.51,17.75,21.25,198.25,1.5,0.75,2.0,32.25,140.75,0.5,1.25,2.0,4.75,5.0,12.75,0.5,0.75,33.49
8,2024,10,broncos,chiefs,8.0,-8.0,41.5,14,16,2,2,21.75,21.25,216.25,1.5,0.5,2.0,28.75,139.75,0.75,1.5,1.5,3.25,6.0,13.25,1.0,2.25,29.3,22.0,22.25,220.0,1.75,0.5,3.0,28.25,105.25,0.75,1.5,1.5,4.25,6.0,14.25,1.0,2.0,30.7,2,2,27.75,26.25,244.5,1.25,1.0,2.25,35.5,132.25,2.0,1.75,2.0,2.5,9.5,15.5,0.75,1.0,37.05,18.75,21.0,191.75,1.5,1.0,2.25,19.75,68.75,0.75,1.25,1.25,3.75,4.25,11.25,0.5,1.25,24.42
9,2024,10,falcons,saints,-3.5,3.5,46.5,17,20,2,2,27.5,21.5,228.5,2.25,0.5,1.75,32.25,145.5,1.25,1.0,1.5,3.0,6.0,12.75,1.5,1.5,29.64,25.25,28.25,257.0,2.25,1.0,1.0,23.25,114.0,0.25,1.75,1.75,2.75,5.25,12.25,0.75,2.25,30.36,2,2,16.75,22.5,218.75,0.75,0.5,4.25,26.0,123.0,0.5,2.0,2.25,6.25,4.0,15.25,1.75,2.25,28.97,33.25,19.0,225.75,1.75,1.0,1.25,30.5,176.0,1.75,2.0,2.0,4.25,4.25,10.75,0.0,0.25,31.03
10,2024,10,49ers,buccaneers,-5.5,5.5,51.5,23,20,3,1,26.75,18.0,235.25,1.25,1.25,1.25,29.75,176.25,1.25,2.75,2.75,3.25,5.25,12.5,0.25,0.75,31.04,25.0,22.5,219.0,1.0,1.75,1.5,26.0,115.25,1.75,1.25,1.5,3.25,5.5,13.0,1.25,2.0,28.96,2,2,33.0,28.75,298.0,3.0,1.75,1.5,26.5,149.75,1.0,1.0,1.25,2.75,7.75,13.0,0.5,0.75,31.71,32.25,24.0,252.75,3.25,0.5,3.25,28.75,144.5,0.5,1.5,1.75,3.75,6.25,12.75,1.25,1.25,29.75
11,2024,10,steelers,commanders,3.0,-3.0,45.5,28,27,3,1,28.0,16.5,190.75,1.25,0.0,2.75,32.0,147.75,1.25,3.0,3.0,3.75,4.5,13.0,1.25,1.25,30.2,16.5,26.0,265.0,1.0,1.5,2.0,22.5,94.25,0.75,1.5,2.0,3.25,4.75,12.75,1.0,1.75,29.8,2,2,27.0,20.0,245.5,1.75,0.0,1.5,31.25,145.75,0.5,3.25,3.75,2.75,4.75,12.25,0.75,0.75,29.8,18.5,15.75,165.0,0.75,0.75,2.25,31.0,159.25,1.5,1.0,1.0,3.75,4.25,10.75,0.5,1.0,30.2
12,2024,10,vikings,jaguars,-4.0,4.0,47.5,12,7,3,1,23.25,21.0,227.25,1.5,1.0,3.75,26.25,104.5,0.5,2.0,2.5,3.0,4.0,10.5,0.25,0.5,31.21,22.75,23.0,225.75,2.0,1.25,2.5,23.0,88.75,0.5,1.0,1.25,4.0,4.0,12.0,0.5,1.25,28.79,2,2,24.5,19.0,214.25,1.25,1.0,1.75,25.0,97.5,1.25,1.0,1.0,4.0,4.25,11.0,1.0,1.5,27.56,27.25,21.25,235.0,2.25,0.5,2.25,32.25,149.25,1.25,1.25,1.75,3.5,5.75,12.75,0.25,1.0,32.44
13,2024,10,titans,chargers,7.5,-7.5,37.5,17,27,2,2,15.25,20.75,196.5,1.25,1.25,1.25,30.75,140.0,0.5,1.0,1.0,5.25,5.0,13.5,0.75,1.5,34.41,30.75,21.75,187.5,2.25,0.75,2.25,23.0,107.0,1.25,1.5,1.75,4.75,4.0,11.25,0.5,0.5,27.56,1,3,22.75,21.5,265.0,1.25,0.0,3.75,28.0,101.25,1.0,2.5,2.75,4.75,6.25,14.5,0.5,0.75,32.15,12.75,20.25,203.25,1.0,1.25,3.25,23.0,121.75,0.25,1.25,1.75,6.0,3.25,12.75,1.25,1.75,27.85
14,2024,10,eagles,cowboys,-7.0,7.0,42.5,34,6,2,2,28.25,15.0,193.0,1.5,0.0,2.25,41.5,195.75,2.0,1.5,2.0,3.75,5.25,13.75,1.5,2.0,33.47,14.75,18.75,141.0,0.25,0.75,4.0,20.25,73.5,0.75,1.25,1.75,5.0,4.75,12.25,0.5,1.0,26.53,1,3,18.5,27.5,252.75,1.5,1.75,2.75,22.0,88.75,0.25,2.0,2.25,2.5,4.75,13.25,1.0,3.0,28.81,30.25,18.0,224.5,2.25,0.0,2.5,32.0,149.75,1.25,2.0,2.0,3.5,4.75,12.75,1.25,1.75,31.19
15,2024,10,jets,cardinals,1.5,-1.5,46.5,6,31,2,2,19.5,21.5,239.5,2.0,0.75,1.75,21.25,96.75,0.5,0.75,1.75,3.75,4.0,11.0,0.5,0.75,28.54,24.5,16.0,185.25,1.0,0.0,3.25,34.0,149.25,1.75,1.75,2.5,3.75,5.75,14.25,1.25,1.25,31.46,2,2,21.75,18.75,200.75,1.0,0.25,0.75,28.0,141.25,1.25,1.75,1.75,3.75,4.5,10.75,0.0,0.5,26.91,21.25,24.75,248.25,1.25,0.25,2.5,27.0,114.25,0.5,3.0,3.25,2.25,6.75,13.75,1.0,1.5,33.09
16,2024,10,lions,texans,-3.5,3.5,48.5,26,23,1,3,38.5,18.5,188.25,2.5,0.0,3.0,29.75,154.0,1.75,1.75,1.75,3.25,3.75,10.25,0.75,1.25,29.83,16.5,23.0,243.25,0.5,1.75,2.25,23.25,122.0,0.75,2.0,2.25,3.25,3.25,11.5,1.0,2.25,30.17,1,3,24.75,16.5,158.25,1.0,0.25,4.0,31.5,154.25,1.5,2.5,3.25,4.75,4.5,13.5,0.5,0.5,32.77,21.5,19.0,184.25,2.5,1.25,3.5,23.25,106.75,0.25,0.75,0.75,5.5,3.5,12.0,1.25,1.25,27.23
17,2024,10,dolphins,rams,2.5,-2.5,50.5,23,15,1,3,19.75,21.5,194.75,1.0,0.25,1.75,34.25,170.0,1.0,2.0,2.5,3.0,5.75,12.25,0.25,0.75,31.98,21.0,19.75,203.75,1.25,0.25,0.75,25.25,120.5,0.75,2.25,2.5,4.25,5.0,12.25,0.25,0.5,28.02,3,1,23.75,23.25,239.25,1.75,1.0,1.0,28.0,106.0,0.75,0.5,0.75,5.0,4.25,12.25,0.75,1.5,31.17,19.75,18.75,231.5,1.75,1.75,3.5,28.5,104.75,0.25,2.0,2.0,4.75,2.5,11.25,0.75,1.0,30.1
18,2024,11,commanders,eagles,3.5,-3.5,48.5,18,26,3,1,28.0,18.25,227.75,1.25,0.0,1.5,32.25,147.75,1.25,3.0,3.25,3.5,5.0,12.75,0.5,0.75,29.79,18.0,14.25,131.0,1.25,0.75,2.5,32.5,150.25,1.25,0.25,0.25,4.75,4.5,12.25,0.75,1.5,30.21,1,3,31.75,14.75,169.25,1.5,0.25,3.25,42.0,213.5,2.5,1.5,1.75,4.0,5.0,13.0,1.25,1.75,34.84,12.25,19.0,117.25,0.25,1.0,3.5,20.0,72.75,0.75,1.0,1.25,5.5,4.75,12.75,0.75,1.25,25.16
19,2024,11,packers,bears,-5.0,5.0,40.5,20,19,3,1,25.5,21.75,244.5,2.0,1.25,1.0,30.0,142.25,0.75,2.0,2.5,3.25,4.25,11.25,0.75,1.0,32.07,21.5,17.75,176.25,1.0,0.25,1.5,27.75,111.5,1.0,2.0,2.0,4.75,3.25,11.0,0.75,0.75,27.93,2,2,15.5,17.75,141.75,1.0,0.25,5.25,26.25,124.0,0.75,1.0,1.25,5.25,2.75,12.75,1.25,2.5,29.24,20.5,18.25,211.0,1.0,0.5,2.5,30.25,148.25,0.75,2.75,3.0,4.5,5.5,14.25,0.75,1.0,30.76
20,2024,11,jaguars,lions,13.5,-13.5,46.5,6,52,3,1,22.25,16.5,183.5,0.75,1.25,1.5,24.5,94.5,1.5,0.75,0.75,4.25,3.75,10.0,0.5,1.0,24.65,21.5,21.5,238.0,1.25,1.0,1.75,35.75,153.5,1.0,2.25,2.5,3.5,5.75,13.5,0.25,1.0,35.35,1,3,33.25,17.5,171.25,2.25,1.25,2.25,28.75,134.25,1.5,1.25,1.25,4.25,4.5,10.75,0.5,0.75,28.04,20.0,21.5,241.75,0.75,1.5,2.25,26.0,122.75,1.0,2.0,2.5,4.0,4.0,12.0,0.75,1.25,31.96
21,2024,11,vikings,titans,-6.0,6.0,39.5,23,13,2,2,20.5,23.25,242.75,1.5,1.5,3.0,29.5,126.25,0.25,2.25,2.75,2.5,4.25,10.75,0.5,0.5,34.14,20.25,19.25,193.0,1.5,1.0,2.5,24.0,93.75,0.75,0.75,1.0,3.75,4.0,10.5,0.5,1.0,25.86,1,3,15.25,21.25,212.0,1.5,1.0,3.0,29.0,136.5,0.25,1.0,1.25,5.0,4.75,13.0,0.5,1.25,34.03,32.5,19.75,181.25,2.0,0.5,2.25,25.75,123.25,1.75,1.5,1.75,4.25,3.25,10.0,0.5,0.5,27.94
22,2024,11,raiders,dolphins,7.0,-7.0,44.5,19,34,2,2,18.0,23.25,191.25,1.0,1.0,3.25,22.5,68.0,0.5,2.0,2.0,3.75,4.0,13.0,0.75,1.75,28.55,30.0,20.5,187.25,1.75,0.75,1.5,30.75,127.5,1.5,2.0,2.25,3.5,6.5,13.5,0.5,0.75,31.45,1,3,21.75,22.0,192.75,1.25,0.25,1.75,29.5,138.5,1.0,2.0,2.25,3.0,6.75,12.75,0.25,0.5,30.85,22.25,23.25,231.0,1.25,0.5,1.25,25.0,100.25,0.5,3.25,3.5,3.5,4.75,12.0,0.25,0.25,29.15
23,2024,11,rams,patriots,-5.0,5.0,43.5,28,22,3,1,22.75,24.0,244.5,1.5,1.0,1.25,25.5,90.0,0.5,1.75,2.25,5.0,3.0,11.25,0.25,0.5,30.55,19.5,20.0,223.75,1.5,1.75,3.75,26.5,90.0,0.25,2.5,2.5,4.25,3.75,12.5,0.75,1.0,30.72,1,3,19.25,22.0,190.5,1.0,0.75,2.25,25.25,101.0,1.0,1.75,2.0,4.5,5.25,13.0,0.75,1.0,29.7,19.25,17.0,179.75,1.25,0.25,2.75,31.5,130.75,0.75,1.25,1.5,4.75,4.5,12.5,0.5,1.5,32.27
24,2024,11,browns,saints,1.0,-1.0,44.5,14,35,3,1,17.25,25.0,234.25,1.25,1.25,4.25,23.25,84.0,0.25,1.75,2.5,5.0,6.25,15.75,1.0,1.5,32.8,23.0,18.0,232.25,2.0,0.0,3.25,26.25,98.75,0.75,0.75,1.75,5.5,3.5,12.75,0.75,1.5,27.2,2,2,15.0,21.0,230.5,1.0,0.0,3.0,27.5,126.75,0.25,2.0,2.25,6.0,4.25,15.25,1.5,2.25,28.7,24.75,18.75,218.25,0.75,0.5,1.75,29.75,152.0,1.75,2.0,2.75,4.25,4.0,11.75,0.25,0.75,31.3
25,2024,11,colts,jets,4.0,-4.0,43.5,28,27,2,2,17.25,15.5,167.0,0.75,1.25,3.0,26.0,126.75,0.5,2.25,2.5,4.5,3.25,12.0,1.25,1.75,26.11,21.0,22.75,244.5,1.25,1.0,2.5,33.0,138.0,0.75,1.75,2.5,4.0,5.75,13.5,0.75,1.25,33.89,1,3,16.0,21.25,203.5,1.5,0.5,1.75,20.25,86.25,0.5,0.75,1.25,3.75,4.5,11.25,0.75,1.5,27.75,26.5,16.75,197.5,0.75,0.0,3.0,33.75,148.75,2.25,1.75,2.25,3.25,5.75,13.25,1.5,1.5,32.25
26,2024,11,ravens,steelers,-3.0,3.0,47.5,16,18,2,2,35.25,20.25,271.5,3.5,0.0,1.5,27.5,148.5,1.0,1.25,1.5,3.25,3.75,9.5,0.25,0.75,28.52,26.0,28.0,323.75,2.75,0.75,3.0,24.75,94.0,0.5,1.25,1.5,2.5,8.25,15.5,1.0,2.5,31.48,2,2,30.75,16.0,200.25,1.5,0.25,2.75,36.25,159.75,1.5,2.75,2.75,3.75,5.5,14.0,1.0,1.25,32.37,18.25,23.0,226.5,0.5,1.0,2.25,20.25,82.0,1.5,1.5,1.75,4.5,3.75,12.5,0.75,1.75,27.63
27,2024,11,falcons,broncos,2.0,-2.0,44.5,6,38,2,2,22.25,22.5,244.0,2.0,0.75,2.5,30.75,141.25,1.0,0.5,1.75,3.5,5.75,13.5,1.75,2.0,30.75,25.25,25.75,269.0,2.25,0.5,1.0,24.0,109.5,0.25,1.75,1.75,3.25,5.25,12.75,0.75,2.25,29.25,1,3,21.25,22.0,210.25,1.5,0.25,2.0,30.0,131.75,0.75,1.25,1.75,3.25,7.0,13.75,0.5,1.75,30.31,20.25,24.0,225.25,1.75,0.5,3.25,23.5,87.5,0.5,1.5,1.5,4.25,5.0,13.75,1.5,2.5,29.69
28,2024,11,seahawks,49ers,6.5,-6.5,48.5,20,17,3,1,22.0,22.75,265.0,1.5,1.5,2.5,24.0,73.5,0.75,1.0,1.0,4.75,4.0,12.25,1.25,2.0,27.66,26.75,23.0,262.0,2.0,1.0,1.0,30.75,153.75,1.0,1.5,1.75,4.5,6.0,13.75,0.75,0.75,33.6,2,2,26.75,19.5,262.0,1.5,0.75,1.5,28.75,156.75,1.25,2.75,3.5,3.25,5.0,12.5,0.25,0.5,30.75,24.0,22.25,198.0,1.0,1.5,1.75,26.25,100.5,1.75,1.0,1.0,4.25,6.0,14.0,1.25,2.0,29.25
29,2024,11,chiefs,bills,2.0,-2.0,45.5,21,30,2,2,25.25,26.25,225.0,1.5,0.75,2.75,30.5,111.75,1.5,1.5,1.5,3.25,9.75,16.0,1.0,1.25,35.4,19.0,21.5,193.75,1.5,0.75,2.5,21.75,76.75,0.75,1.25,1.75,4.0,5.0,12.0,0.5,0.75,26.06,2,2,31.25,23.0,276.75,1.75,1.0,1.25,26.0,116.75,1.5,2.25,2.25,2.75,5.75,12.25,1.0,1.25,31.38,16.75,24.25,216.25,1.25,1.25,2.25,23.5,97.75,0.5,1.5,1.5,3.0,3.75,10.5,1.0,1.75,28.62
30,2024,11,bengals,chargers,1.5,-1.5,47.5,27,34,2,2,28.25,25.5,262.5,3.0,0.5,2.0,23.0,74.0,0.5,0.75,1.25,3.5,7.0,14.25,0.75,1.75,30.13,27.5,23.25,235.5,1.75,0.5,2.25,26.5,99.25,1.5,1.0,1.25,4.5,6.5,13.75,0.5,1.0,29.87,2,2,23.75,19.75,250.5,1.25,0.0,3.0,28.25,105.5,1.25,2.25,2.5,4.5,4.5,12.5,0.75,1.0,30.55,13.0,20.0,191.0,1.0,1.0,4.5,23.75,127.25,0.25,1.25,2.0,5.75,3.25,12.25,0.75,1.25,29.45
31,2024,11,texans,cowboys,-7.5,7.5,42.5,34,10,2,2,20.25,16.25,162.25,0.5,0.5,4.5,31.5,120.25,1.25,2.75,3.5,5.0,5.0,14.5,0.5,0.5,33.2,22.75,17.75,192.0,2.25,2.0,2.5,24.75,112.5,0.5,1.25,1.25,5.0,4.5,11.75,0.75,0.75,26.8,2,2,15.0,24.5,181.0,1.0,1.5,3.0,20.25,85.75,0.25,2.0,2.0,3.75,3.25,13.0,1.25,3.25,27.18,34.5,17.75,231.25,2.25,0.25,3.0,35.0,173.5,1.75,2.25,2.25,3.25,5.0,12.5,1.0,1.5,32.82
44,2024,12,vikings,bears,-3.5,3.5,39.5,30,27,1,3,19.0,22.75,240.75,1.75,1.25,2.5,32.5,112.0,0.25,1.75,2.25,3.0,4.5,11.75,0.5,0.5,34.53,15.75,18.0,196.5,1.25,1.25,2.75,22.0,66.0,0.25,1.0,1.25,4.0,4.5,11.75,0.5,1.25,25.47,2,2,11.5,17.75,139.5,0.0,0.0,5.25,27.5,130.75,1.0,1.5,1.75,5.25,3.75,14.0,1.75,3.0,30.66,21.5,15.5,223.5,0.75,0.5,1.75,31.5,157.75,1.25,2.5,2.75,3.75,4.0,11.75,0.25,0.75,29.34
46,2024,12,lions,colts,-7.0,7.0,50.5,24,6,2,2,38.5,18.75,221.75,2.75,1.25,1.25,32.75,147.25,1.75,1.25,1.25,3.25,5.0,10.75,1.25,1.25,30.55,14.25,20.25,213.0,0.5,1.5,1.5,25.0,98.25,0.75,1.75,2.25,4.5,3.5,12.0,1.0,1.75,29.45,1,3,20.25,18.0,195.0,1.0,1.25,3.5,25.5,110.75,0.75,2.25,2.5,3.75,3.75,12.5,1.5,2.25,27.48,25.25,24.5,247.75,1.5,1.0,2.75,28.0,113.75,1.0,2.0,2.5,3.75,5.25,13.0,0.75,1.25,32.52
47,2024,12,patriots,dolphins,7.5,-7.5,46.5,15,34,2,2,20.75,22.75,190.5,1.0,1.0,2.5,29.0,122.75,1.0,2.25,2.5,4.0,5.25,13.5,0.75,0.75,32.35,18.25,17.75,205.25,2.0,0.25,2.75,27.75,114.75,0.25,1.0,1.5,5.25,3.5,12.0,0.75,1.5,29.62,2,2,27.75,25.25,223.25,1.75,0.25,1.75,26.0,112.0,1.25,2.25,2.25,1.5,7.25,12.0,0.75,0.75,31.35,23.0,28.25,265.75,1.75,0.75,2.0,19.75,76.5,0.25,3.0,3.25,2.0,5.75,12.25,0.75,0.75,28.65
48,2024,12,buccaneers,giants,-6.0,6.0,40.5,30,7,3,1,25.25,27.25,245.0,2.25,1.0,1.75,24.5,108.0,0.75,1.25,1.5,3.5,7.5,14.0,0.75,1.0,30.25,31.25,24.75,281.75,3.5,0.0,2.75,29.0,143.0,0.25,1.75,2.75,2.5,6.5,12.25,1.0,1.0,31.21,2,2,15.0,20.75,154.25,0.5,0.75,4.0,27.0,141.0,1.0,1.75,2.0,5.5,5.25,13.75,0.75,0.75,30.46,25.25,15.0,164.0,1.25,0.0,2.5,36.5,193.25,1.25,2.0,2.0,5.0,4.5,13.25,1.25,1.25,30.07
49,2024,12,cowboys,commanders,11.0,-11.0,45.5,34,26,2,2,15.25,26.5,212.5,1.25,1.0,3.25,20.5,88.5,0.25,1.5,1.75,3.75,3.75,13.5,1.0,3.25,28.21,31.25,18.75,216.75,1.5,0.5,2.5,32.25,162.75,2.0,1.75,1.75,4.25,5.0,13.0,1.0,1.5,31.79,2,2,22.5,18.75,218.75,1.0,0.25,2.0,30.0,117.5,1.25,2.25,2.5,4.5,4.5,13.25,0.75,1.25,27.75,22.75,15.5,161.25,1.25,0.25,2.5,36.75,183.5,1.75,0.75,1.25,4.25,6.0,13.75,0.75,1.25,32.25
50,2024,12,chiefs,panthers,-10.5,10.5,42.5,30,27,2,2,23.5,28.0,234.0,2.25,0.75,2.75,25.0,85.25,0.5,1.5,1.5,3.5,9.0,15.0,0.75,1.0,33.12,22.0,24.0,207.0,1.75,0.25,2.25,23.5,77.5,1.0,1.0,1.5,3.75,6.75,13.0,0.5,1.0,28.34,2,2,16.0,17.0,146.0,1.0,1.25,1.5,24.5,108.0,1.0,0.75,0.75,5.5,4.5,12.25,0.25,1.25,26.27,26.75,22.5,227.5,1.5,0.5,1.5,36.0,170.0,1.25,2.0,2.25,3.25,7.0,14.25,0.75,1.25,34.26
51,2024,12,titans,texans,7.5,-7.5,40.5,32,27,2,2,16.0,19.25,227.25,1.5,1.0,3.5,27.75,122.5,0.25,1.25,1.5,5.0,4.75,12.75,0.25,1.25,32.71,29.75,19.5,161.5,2.0,0.5,2.5,29.0,125.25,1.5,1.25,1.5,4.25,3.75,11.0,0.5,0.5,29.26,2,2,23.25,19.5,211.0,0.5,0.75,3.75,29.5,120.0,1.5,2.5,3.25,4.5,5.0,14.25,0.75,1.0,33.03,19.25,20.0,224.25,1.75,1.75,3.0,24.25,108.0,0.5,1.25,1.5,4.25,4.75,13.0,0.75,1.75,26.97
52,2024,12,broncos,raiders,-5.5,5.5,41.5,29,19,2,2,22.5,25.0,243.0,2.5,0.25,2.25,27.75,101.75,0.5,0.5,1.0,3.25,7.5,13.75,0.75,2.0,29.51,19.25,22.0,225.75,1.5,0.75,2.75,23.5,75.75,0.5,1.75,1.75,4.0,4.75,12.75,1.25,2.0,30.49,1,3,19.5,24.0,203.75,1.25,1.0,3.75,21.75,68.75,0.25,2.5,2.5,3.0,5.5,13.75,1.0,1.5,28.22,30.5,24.0,227.5,2.5,0.75,1.25,28.5,102.25,1.0,1.5,1.75,2.75,7.5,13.25,0.75,1.0,31.78
53,2024,12,49ers,packers,5.5,-5.5,44.5,10,38,3,1,22.0,20.25,234.75,1.0,1.0,2.0,27.25,132.5,1.25,2.25,3.0,3.0,5.5,12.25,0.25,0.5,30.84,23.0,21.0,170.25,0.75,1.25,2.5,27.0,111.0,2.0,1.25,1.25,3.75,5.75,13.25,1.0,1.75,29.16,2,2,22.0,19.5,245.0,1.25,1.25,1.25,26.75,124.0,1.25,1.5,1.75,3.25,2.75,9.5,0.5,1.0,28.83,23.0,18.0,175.75,0.75,0.25,2.25,30.5,134.0,1.5,2.0,2.25,4.25,4.5,12.5,1.5,1.5,31.17
54,2024,12,cardinals,seahawks,1.0,-1.0,47.5,6,16,3,1,26.25,18.75,212.0,1.0,0.25,1.0,30.25,155.75,2.0,1.5,1.5,3.0,4.75,10.0,0.25,0.75,29.23,14.25,24.75,215.75,0.25,0.0,3.25,21.75,89.25,0.5,3.0,3.0,2.5,6.5,14.0,1.0,2.0,30.77,2,2,21.0,21.5,237.25,1.25,1.25,3.25,24.75,84.0,1.0,1.25,1.25,4.25,3.75,11.5,1.0,1.75,27.57,22.0,23.75,234.75,1.5,1.25,1.5,29.25,129.5,1.0,1.0,1.25,4.25,6.5,13.5,0.75,0.75,33.69
55,2024,12,eagles,rams,-3.0,3.0,48.5,37,20,2,2,31.25,16.75,203.25,1.25,0.25,2.5,40.75,203.25,2.5,2.0,2.75,2.75,7.0,13.75,0.5,1.0,34.27,16.0,20.25,149.25,0.5,1.25,2.25,22.5,77.0,1.0,1.0,1.25,4.0,4.75,12.25,1.0,1.75,25.73,2,2,24.75,25.0,282.25,2.5,0.75,1.0,24.5,88.0,0.0,1.75,2.25,4.5,3.0,10.75,0.5,0.5,29.66,21.25,22.0,239.25,2.0,1.25,4.0,26.75,90.75,0.25,2.0,2.0,3.75,4.5,12.25,0.5,0.75,31.6
56,2024,12,ravens,chargers,-2.5,2.5,50.5,30,23,2,2,29.0,20.0,256.75,2.5,0.25,1.5,24.75,118.5,1.25,1.0,1.75,3.75,4.0,10.25,0.0,0.5,28.2,22.75,26.0,280.0,2.0,0.5,3.25,25.75,93.25,0.25,2.5,2.5,3.0,6.5,15.25,0.75,2.5,31.8,3,1,28.5,17.25,236.5,1.75,0.0,2.75,29.0,129.5,1.75,1.5,1.75,5.5,3.75,11.75,0.75,1.0,28.46,15.5,23.5,240.25,1.5,0.75,5.25,22.75,109.5,0.0,1.5,2.75,6.0,4.0,14.75,1.5,1.75,31.54
170,2024,13,bears,lions,10.0,-10.0,48.5,20,23,3,1,14.5,23.25,193.25,0.5,0.0,5.25,24.75,99.75,0.75,2.0,2.5,5.0,4.75,15.25,2.25,3.5,32.33,24.5,16.0,227.25,1.0,0.5,2.0,30.25,146.75,1.5,2.25,2.25,3.5,4.25,11.25,0.25,1.0,29.63,1,3,31.5,21.5,269.75,1.75,1.25,1.0,35.0,140.5,2.0,1.25,1.25,3.0,6.5,12.25,1.25,1.5,33.71,12.25,17.5,191.5,0.25,1.0,1.25,22.25,82.75,0.5,2.25,2.75,4.5,3.5,12.25,0.75,1.5,26.29
171,2024,13,giants,cowboys,3.5,-3.5,37.5,20,27,2,2,16.0,22.0,185.75,0.5,0.75,3.0,27.5,141.0,1.25,1.5,1.75,3.75,5.75,13.0,0.75,1.25,30.8,25.75,18.5,220.0,1.0,0.0,1.25,33.25,165.0,1.5,2.25,2.25,3.5,5.75,12.75,0.75,1.0,29.73,2,2,17.75,26.25,213.75,1.25,0.5,3.0,22.75,97.25,0.0,1.75,2.5,4.25,3.25,13.25,0.75,2.75,30.31,30.25,20.5,222.0,1.75,1.0,3.0,29.5,143.25,1.75,1.5,1.75,4.75,4.0,12.0,1.0,1.25,29.69
172,2024,13,dolphins,packers,3.5,-3.5,47.5,17,30,2,2,29.5,25.5,243.5,2.5,0.25,2.0,25.75,90.75,0.75,2.25,2.25,2.25,5.5,11.25,0.75,0.75,31.74,19.75,27.25,234.75,1.5,1.0,3.0,18.5,77.5,0.0,2.5,3.0,2.5,4.75,12.5,1.0,1.5,28.26,2,2,25.5,16.75,235.25,1.0,0.75,1.0,32.25,145.75,2.0,1.5,1.75,3.0,3.25,10.25,0.75,1.5,30.83,20.0,19.75,211.25,1.0,0.5,1.75,26.25,109.5,1.0,1.5,1.75,3.5,4.25,11.75,1.5,2.0,29.17
173,2024,13,raiders,chiefs,13.5,-13.5,42.5,17,19,2,2,20.5,26.5,230.0,1.5,0.5,4.5,18.5,55.5,0.25,2.25,2.25,3.0,5.75,13.5,1.25,1.75,26.97,32.75,26.75,257.0,3.0,0.5,1.25,27.0,89.25,0.5,2.75,2.75,2.25,8.5,14.5,0.75,0.75,33.03,2,2,24.25,28.0,227.5,2.5,0.5,3.75,24.25,106.0,0.25,1.75,1.75,3.5,8.0,14.25,1.0,1.25,33.07,23.75,23.25,220.5,1.5,0.25,1.5,23.5,90.5,1.25,1.5,2.0,3.75,6.5,13.0,0.75,1.0,28.4
174,2024,13,chargers,falcons,-1.0,1.0,47.5,17,13,3,1,27.75,17.5,223.0,1.25,0.0,3.0,26.75,119.75,2.0,1.75,2.0,5.0,4.25,12.25,1.25,1.25,27.94,21.0,22.0,222.25,2.0,0.75,4.25,26.75,133.25,0.5,1.25,2.25,4.5,5.5,14.5,2.0,2.25,32.06,1,3,20.25,21.25,234.5,1.75,0.5,2.75,28.0,115.0,0.75,1.0,2.0,4.0,4.75,13.0,1.75,2.0,30.45,26.25,28.0,283.75,2.75,0.5,1.0,24.0,110.0,0.25,1.5,1.5,3.0,5.75,12.75,0.75,2.25,29.55
175,2024,13,steelers,bengals,3.0,-3.0,46.5,44,38,2,2,22.75,19.5,215.0,1.25,0.5,3.75,35.5,137.25,0.5,3.0,3.25,3.25,6.0,15.25,0.5,1.5,34.22,21.25,18.75,210.75,0.25,0.75,2.5,23.25,106.5,2.0,2.0,2.5,4.25,3.75,12.5,1.25,1.5,25.78,2,2,29.75,28.75,307.0,3.25,0.5,2.0,23.0,86.75,0.5,1.25,2.0,2.75,7.75,15.25,1.5,2.25,32.29,32.5,19.75,240.75,2.0,0.0,1.75,27.5,118.75,1.75,1.5,1.5,4.25,5.25,11.75,0.5,0.75,27.71
176,2024,13,cardinals,vikings,3.5,-3.5,44.5,22,23,2,2,23.5,21.25,238.0,0.75,0.25,2.25,26.5,122.75,1.75,1.75,2.0,3.5,5.0,11.25,0.25,0.75,29.49,14.5,23.5,186.75,0.5,0.25,3.75,22.5,90.75,0.5,2.0,2.0,3.25,6.75,14.0,0.75,1.75,30.51,1,3,21.5,24.0,269.75,1.75,1.25,2.5,33.75,127.0,0.5,2.0,2.5,3.25,5.5,13.25,0.5,0.75,36.29,15.0,19.75,206.75,0.75,1.0,3.5,19.5,58.75,0.5,1.5,2.0,4.75,5.0,13.5,0.75,1.75,25.67
177,2024,13,colts,patriots,-2.5,2.5,42.5,25,24,2,2,16.75,18.25,203.0,0.75,1.0,2.25,24.25,94.0,0.5,2.25,2.5,3.75,4.0,12.25,1.0,2.0,27.06,25.5,24.75,244.25,1.25,1.0,3.0,29.0,124.0,1.5,1.5,2.0,3.25,6.5,13.5,0.75,1.5,32.94,1,3,18.25,23.75,202.25,1.25,1.25,3.0,26.5,116.25,0.25,2.0,2.5,4.0,4.25,13.25,0.75,1.25,31.72,21.25,20.75,226.25,2.5,0.25,3.0,26.75,103.0,0.0,1.25,1.5,5.5,3.5,12.5,0.75,1.5,30.25
178,2024,13,seahawks,jets,-1.0,1.0,42.5,26,21,3,1,16.5,22.25,233.25,1.0,1.5,4.25,24.5,74.5,0.75,1.0,1.0,4.5,4.5,12.25,0.75,1.5,28.66,20.0,23.5,243.5,1.25,1.0,2.0,24.75,103.0,0.75,1.5,1.75,5.0,5.25,12.75,0.25,0.5,32.6,2,2,19.0,20.75,176.75,1.75,0.0,2.25,21.5,95.5,0.5,1.25,1.5,4.0,4.75,12.0,0.5,1.25,27.22,24.25,17.75,192.75,0.5,0.0,3.25,33.5,134.25,2.25,1.75,2.25,3.25,6.0,13.5,1.25,1.5,32.78
179,2024,13,titans,commanders,5.5,-5.5,44.5,19,42,2,2,20.5,18.25,222.0,1.75,0.75,5.25,28.0,116.0,0.25,2.0,2.25,4.75,5.0,13.5,0.25,1.0,32.43,23.5,20.75,201.25,1.5,1.0,2.5,27.25,94.25,1.0,1.5,2.0,4.25,3.75,12.0,0.5,0.5,29.54,2,2,24.5,19.75,207.25,1.25,0.75,2.5,28.25,111.75,1.5,1.75,2.0,4.75,4.25,12.5,0.75,1.25,25.89,27.5,19.0,195.25,1.75,0.25,2.0,35.5,155.75,1.25,1.25,2.25,4.0,6.0,13.5,0.75,1.0,34.11
180,2024,13,texans,jaguars,-3.5,3.5,44.5,23,20,2,2,24.25,18.25,199.25,0.75,1.25,4.25,26.5,106.0,1.25,2.25,3.25,4.25,4.75,14.25,0.75,1.0,30.57,22.25,22.0,248.5,2.0,1.75,3.75,26.0,100.25,0.5,1.5,1.75,4.0,5.25,13.25,0.5,1.5,29.43,2,2,15.75,17.0,167.5,0.5,1.5,1.75,19.0,62.0,1.0,1.0,1.0,5.0,2.75,10.0,0.75,1.25,21.56,30.5,21.75,286.0,1.75,1.0,1.25,42.75,193.0,1.75,2.25,2.5,2.5,5.75,13.0,1.0,1.5,38.44
181,2024,13,rams,saints,-2.5,2.5,49.5,21,14,2,2,22.25,24.75,262.0,2.0,0.5,2.25,21.0,84.25,0.25,1.75,2.5,4.75,2.0,10.25,1.0,1.0,27.84,25.5,21.25,228.0,1.75,1.25,3.5,32.5,153.25,1.0,2.25,2.25,3.25,6.25,14.25,0.5,1.0,33.42,2,2,21.25,19.5,251.75,1.25,0.25,1.75,29.25,156.0,1.0,1.75,2.0,5.25,4.25,13.5,1.0,1.5,29.68,20.0,22.25,271.5,1.25,0.5,2.5,26.0,112.25,1.25,1.0,2.25,4.75,3.75,12.25,0.5,1.5,30.33
182,2024,13,buccaneers,panthers,-6.0,6.0,46.5,26,23,2,2,25.0,25.5,229.5,1.5,0.5,1.0,25.0,115.75,1.5,1.25,1.25,3.5,6.25,12.5,0.75,1.25,29.98,22.75,26.0,258.0,2.25,0.0,3.25,26.5,101.0,0.5,1.25,2.25,3.0,7.0,13.0,0.75,1.25,31.49,3,1,21.0,19.0,187.0,1.25,0.75,1.5,24.0,105.5,1.0,1.75,1.75,4.75,5.0,13.0,0.75,1.5,26.97,24.25,24.25,232.25,1.75,0.5,2.5,33.25,157.75,1.0,1.75,2.0,3.5,7.75,15.0,1.0,1.5,33.56
183,2024,13,eagles,ravens,3.0,-3.0,51.5,24,19,2,2,31.25,16.5,186.0,1.25,0.25,2.75,42.25,241.5,2.5,2.0,2.75,2.75,7.75,14.75,0.25,1.0,34.74,16.75,19.75,143.25,0.75,1.0,3.25,22.0,85.5,1.0,0.75,1.0,5.0,2.25,11.0,1.75,2.25,25.26,2,2,30.5,18.25,235.25,2.5,0.25,1.0,28.75,140.5,1.5,1.0,1.5,3.5,5.5,11.5,0.75,0.75,28.71,21.25,24.5,250.25,1.25,0.5,3.75,25.0,94.0,0.75,2.5,2.5,3.25,5.75,15.0,1.25,3.0,31.29
184,2024,13,49ers,bills,6.0,-6.0,44.5,10,35,2,2,20.0,20.25,231.75,1.25,0.5,2.25,25.25,118.25,0.75,2.0,2.75,2.75,5.75,12.0,0.0,0.75,30.43,25.5,20.25,173.0,1.25,0.75,2.5,27.75,107.25,1.75,1.5,1.5,4.0,5.25,13.0,1.0,1.75,29.57,2,2,30.25,24.5,263.5,1.5,1.25,1.0,28.75,124.25,1.75,2.0,2.0,2.25,7.25,13.5,1.25,1.75,33.09,19.5,23.75,211.5,1.75,1.5,2.0,21.75,95.0,0.5,1.25,1.25,2.75,3.5,9.0,0.75,1.5,26.91
185,2024,13,browns,broncos,6.0,-6.0,42.5,32,41,3,1,19.25,25.25,282.5,1.5,1.0,3.0,23.5,77.5,0.75,1.25,2.0,4.25,4.5,13.75,1.75,2.5,29.9,26.25,21.0,254.0,1.75,0.25,3.5,26.5,138.5,1.75,0.75,1.5,3.75,4.75,12.5,0.75,1.75,30.1,1,3,22.75,23.75,234.0,2.25,0.25,2.0,25.25,92.0,0.25,1.75,2.25,3.5,6.25,13.25,0.5,1.5,29.02,20.5,23.75,247.0,1.25,0.5,3.5,22.5,75.75,0.5,2.75,2.75,3.75,4.5,12.75,1.5,1.5,30.98
287,2024,14,packers,lions,3.0,-3.0,52.5,31,34,3,1,25.5,17.5,240.75,1.25,0.5,0.75,28.75,131.75,1.75,1.5,1.75,2.75,3.75,10.25,0.75,1.5,29.03,17.5,23.75,220.5,1.0,0.25,2.75,24.0,96.5,0.75,1.25,1.5,3.0,5.0,13.0,2.0,3.0,30.97,2,2,31.25,22.25,288.25,2.0,1.25,1.25,35.25,158.0,1.75,1.75,2.0,2.5,6.75,12.75,1.0,1.25,34.72,13.75,16.75,179.0,1.0,0.75,2.5,20.25,67.75,0.25,1.75,2.0,5.0,4.5,13.0,0.25,1.25,25.28
288,2024,14,jaguars,titans,3.5,-3.5,39.5,10,6,2,2,14.0,17.75,161.75,0.5,1.5,1.5,19.5,63.5,0.75,1.0,1.25,4.75,3.75,11.5,1.0,1.5,22.02,28.75,22.75,277.5,1.75,0.75,1.5,39.25,177.5,1.5,2.25,2.5,2.25,6.25,13.5,1.25,1.75,37.97,1,3,20.25,17.75,216.25,1.75,0.5,5.5,21.0,83.0,0.25,2.0,2.25,4.5,4.5,12.5,0.25,1.0,27.69,29.75,19.75,204.0,2.0,0.75,2.0,33.5,133.5,1.5,1.25,2.0,3.5,5.25,12.75,0.5,0.5,32.31
289,2024,14,jets,dolphins,6.0,-6.0,44.5,26,32,3,1,18.75,21.75,163.0,1.75,0.25,2.5,19.75,89.75,0.25,1.0,1.0,4.0,5.0,12.75,0.75,2.0,26.99,24.5,18.25,202.5,0.75,0.0,3.5,31.5,127.25,1.75,2.0,2.5,2.75,5.25,13.0,1.25,1.75,33.01,2,2,27.0,28.5,271.5,2.5,0.25,3.0,21.5,63.25,0.5,2.0,2.0,2.75,5.5,12.75,1.25,1.75,32.03,19.75,26.25,245.5,1.25,0.75,2.75,20.0,82.5,0.25,2.5,3.0,3.25,4.75,12.75,0.75,1.25,27.97
290,2024,14,falcons,vikings,6.0,-6.0,45.5,21,42,2,2,15.75,21.5,226.75,0.75,1.5,2.5,30.0,111.75,1.0,1.25,2.25,3.75,4.0,13.5,1.75,2.5,32.57,24.0,23.0,234.0,2.0,0.0,2.25,22.75,98.5,0.25,2.0,2.0,3.5,4.25,12.0,0.5,2.0,27.43,1,3,22.0,22.0,250.5,1.5,0.75,2.75,29.5,110.75,0.5,2.75,3.0,3.25,4.25,12.25,0.5,0.75,33.11,17.25,23.5,230.0,1.0,1.25,3.0,22.5,80.25,0.5,2.25,2.75,4.25,5.5,14.0,0.5,1.5,28.85
291,2024,14,saints,giants,-5.0,5.0,40.5,14,11,3,1,22.75,20.0,235.5,1.5,0.25,0.5,31.75,162.5,1.0,1.75,2.0,3.75,5.0,13.25,1.25,2.0,30.61,18.75,20.75,249.0,1.25,0.5,2.25,26.0,120.75,1.25,0.5,1.75,4.0,4.0,11.5,0.75,1.75,29.39,2,2,16.5,21.25,159.25,0.5,0.75,3.5,26.5,130.75,1.5,1.0,1.25,4.0,5.25,12.25,0.75,1.25,30.23,26.0,18.75,204.0,1.0,0.0,0.25,33.5,154.0,1.75,1.75,1.75,4.0,6.0,13.25,0.75,1.25,30.3
292,2024,14,panthers,eagles,14.0,-14.0,45.5,16,22,4,0,23.25,19.5,205.5,1.0,0.25,1.25,24.25,107.75,1.25,2.5,3.0,4.75,5.25,13.5,0.5,0.5,27.18,23.75,22.25,210.0,1.25,1.0,3.0,35.0,191.25,1.0,2.75,3.25,4.0,5.5,13.75,1.0,1.25,35.15,1,3,30.25,14.75,161.5,1.0,0.25,2.5,39.0,217.25,2.5,2.0,2.5,3.5,6.5,13.5,0.5,0.75,31.73,15.75,21.5,156.0,1.25,0.5,3.5,25.5,112.0,0.5,1.25,2.0,4.75,3.0,12.25,1.75,2.25,28.27
293,2024,14,browns,steelers,6.5,-6.5,43.5,14,27,2,2,20.0,27.0,321.0,1.75,1.75,3.25,23.5,76.75,0.75,0.75,1.75,5.0,4.75,14.75,2.25,3.0,30.16,30.5,19.75,261.75,1.5,0.75,2.75,27.75,134.0,2.0,1.0,1.5,4.0,5.75,13.25,0.75,1.25,29.84,1,3,27.25,21.75,252.75,1.75,0.75,3.25,34.25,123.0,0.75,2.75,3.25,2.75,5.5,14.25,0.5,1.5,34.68,26.25,19.75,222.0,1.0,0.75,2.5,20.75,90.5,2.0,1.25,1.75,3.75,3.5,10.75,1.0,1.25,25.32
294,2024,14,raiders,buccaneers,6.5,-6.5,46.5,13,28,1,3,19.75,26.25,260.75,1.5,0.5,4.0,19.5,76.25,0.25,2.0,2.75,3.25,5.0,13.25,1.0,1.5,27.9,30.75,26.5,260.5,2.75,0.25,2.25,23.75,84.5,0.25,3.25,3.5,3.0,7.25,14.5,0.75,0.75,32.1,1,3,25.0,21.75,199.25,1.0,0.5,2.0,29.25,149.5,1.75,2.0,2.25,4.5,4.5,12.0,0.75,1.0,31.72,20.75,26.75,264.0,1.5,0.0,3.0,24.5,88.25,0.75,1.75,3.0,3.5,7.0,14.0,0.25,0.75,31.54
295,2024,14,seahawks,cardinals,3.0,-3.0,44.5,30,18,2,2,20.5,22.0,226.75,1.25,1.25,4.75,26.0,87.5,0.75,1.25,1.25,4.25,5.25,13.75,1.0,1.75,31.01,17.5,22.75,215.5,1.25,1.0,2.25,21.5,84.25,0.25,1.25,1.5,5.25,4.5,12.25,0.25,1.0,30.25,2,2,22.0,22.5,224.25,0.5,0.75,2.5,27.75,140.75,1.5,2.5,3.0,3.0,4.5,11.25,0.25,1.0,31.07,13.5,21.75,181.25,0.75,0.25,4.75,20.0,70.25,0.0,2.25,2.5,3.25,4.25,12.25,1.0,2.0,28.93
296,2024,14,bills,rams,-3.5,3.5,49.5,42,44,3,1,31.25,22.0,231.25,1.5,1.0,0.75,29.75,138.25,2.0,1.75,2.0,2.25,6.75,12.75,1.25,1.75,31.94,19.5,21.25,182.75,1.75,1.25,2.25,24.25,125.25,0.5,1.25,1.75,2.5,4.0,9.75,1.0,1.5,28.06,2,2,21.0,22.0,229.0,2.0,0.25,2.75,22.25,106.25,0.5,1.25,2.0,3.5,2.25,9.25,1.25,1.5,26.64,24.0,22.0,194.75,1.25,0.5,1.75,32.0,162.25,1.0,2.75,3.0,2.25,6.5,14.25,0.5,1.0,33.36
297,2024,14,bears,49ers,3.5,-3.5,43.5,13,38,3,1,17.25,22.75,206.0,1.25,0.0,5.0,22.75,102.0,0.75,1.25,1.75,5.0,5.75,15.5,1.75,3.0,30.76,23.0,18.0,245.75,1.5,0.5,1.75,30.0,142.0,0.75,2.5,2.75,3.0,4.25,11.5,0.5,1.0,31.2,1,3,15.0,18.5,191.75,1.0,0.5,2.25,23.0,100.75,0.5,1.5,2.75,2.5,4.5,10.5,0.25,0.75,28.76,28.25,17.5,152.0,1.25,0.25,2.0,32.5,148.25,2.25,1.25,1.5,3.75,5.75,13.0,1.0,1.5,31.24
298,2024,14,chargers,chiefs,4.0,-4.0,42.5,17,19,3,1,25.25,17.25,194.25,0.75,0.0,2.75,25.25,109.75,1.5,2.5,2.5,4.0,3.75,11.5,1.0,1.25,27.5,21.75,21.5,227.5,1.75,1.0,3.0,30.0,142.5,0.75,1.5,2.5,3.5,4.75,13.75,2.0,2.5,32.5,2,2,21.5,26.0,229.0,2.0,0.5,4.0,19.5,90.75,0.0,2.5,2.75,3.75,6.75,13.75,0.75,1.0,30.09,22.0,23.25,252.75,1.5,0.25,1.75,25.0,95.75,1.0,1.5,2.75,3.25,6.0,13.25,0.75,1.25,29.91
299,2024,14,bengals,cowboys,-4.5,4.5,50.5,27,20,2,2,35.0,29.25,322.0,3.75,0.5,2.75,21.75,95.5,0.5,1.25,1.75,3.25,6.25,14.0,1.5,2.0,32.45,34.25,23.0,284.25,2.5,0.25,2.25,24.25,106.0,1.25,1.5,1.75,4.25,4.75,11.25,0.25,0.5,27.55,3,1,19.25,23.75,202.25,1.0,0.5,2.25,25.5,93.5,0.25,1.75,2.5,4.75,4.25,13.75,0.5,1.75,30.54,28.5,21.0,202.25,1.0,1.25,4.0,27.25,147.25,2.0,2.0,2.25,4.75,3.75,11.75,0.75,1.0,29.46
350,2024,15,rams,49ers,3.0,-3.0,48.5,12,6,2,2,28.25,19.75,244.75,2.5,0.0,1.75,28.25,123.0,1.25,0.25,0.75,3.25,4.25,10.0,1.5,1.75,28.72,28.75,22.5,237.5,1.75,0.25,1.0,30.75,171.25,1.5,2.0,2.25,2.25,6.25,13.25,0.5,1.0,31.28,2,2,18.75,17.25,187.5,1.0,0.75,1.75,26.0,114.75,1.25,1.0,1.5,2.75,4.75,10.75,0.75,1.25,28.76,26.5,17.5,149.25,1.5,0.25,3.25,31.0,137.75,2.0,0.75,1.0,3.75,5.5,12.0,0.75,1.25,31.24
351,2024,15,chiefs,browns,-4.5,4.5,41.5,21,7,2,2,22.25,25.0,218.75,2.0,0.5,3.75,21.0,100.5,0.0,2.75,3.0,3.75,7.0,13.5,0.25,0.5,29.03,22.75,23.0,255.75,1.25,0.25,2.0,25.25,99.75,1.25,1.75,2.5,3.25,5.75,13.25,1.0,1.5,30.97,1,3,21.0,26.5,316.75,2.0,1.5,2.5,23.75,83.0,0.75,0.5,1.75,4.75,3.75,13.75,2.5,3.25,29.12,30.5,19.0,237.0,1.5,0.75,1.5,30.75,140.0,1.75,1.5,1.75,3.75,6.0,13.25,0.5,1.0,30.88
352,2024,15,bengals,titans,-5.5,5.5,46.5,37,27,1,3,31.5,30.75,351.0,3.25,0.5,3.0,18.75,81.5,0.5,1.25,1.75,3.25,5.25,12.75,1.25,2.0,31.94,33.25,21.75,286.5,2.75,0.5,1.75,25.25,130.0,1.0,1.75,2.0,4.0,4.5,11.0,0.5,0.75,28.06,2,2,17.5,18.0,213.5,1.25,0.5,4.25,22.75,81.5,0.25,2.25,2.25,4.25,5.75,14.25,0.25,1.75,28.37,25.5,22.0,218.0,1.75,1.25,2.25,30.25,115.0,1.25,1.0,1.75,3.75,5.75,13.5,0.5,0.5,31.63
353,2024,15,commanders,saints,-7.5,7.5,44.5,20,19,3,1,28.25,22.25,204.0,1.5,1.0,3.0,30.0,141.25,2.0,1.25,2.0,4.5,5.25,13.0,0.5,1.0,28.94,26.75,18.5,207.25,1.75,0.25,2.0,30.5,123.5,1.0,1.5,2.5,4.5,5.75,13.75,0.25,0.75,31.06,3,1,20.75,20.5,228.0,1.5,0.5,0.75,29.75,136.25,1.0,1.0,1.75,4.5,5.0,13.25,0.75,1.5,29.99,15.75,22.0,260.75,1.0,0.5,2.5,26.0,128.75,1.0,0.5,2.0,4.75,4.25,13.75,1.25,2.75,30.01
354,2024,15,ravens,giants,-16.5,16.5,42.5,35,14,2,2,25.0,20.0,219.5,2.25,0.25,1.5,28.25,150.25,1.0,1.0,2.0,4.0,6.25,13.25,1.0,1.25,29.21,24.75,22.25,229.0,1.25,0.25,3.25,25.75,98.5,1.25,2.5,2.5,4.25,5.25,14.5,1.25,2.0,30.79,2,2,13.75,21.5,172.0,0.0,1.0,3.5,24.5,117.75,1.5,1.0,1.5,5.5,5.0,14.25,0.75,1.75,29.27,22.75,20.0,201.75,0.75,0.25,0.75,32.25,139.75,1.75,1.25,1.75,5.25,6.0,14.0,0.25,1.0,31.26
355,2024,15,cowboys,panthers,3.0,-3.0,42.5,30,14,3,1,22.75,23.5,231.5,1.5,0.5,2.25,25.75,108.25,0.25,1.75,2.5,4.25,4.5,13.25,0.25,1.75,30.75,26.75,25.5,251.75,1.25,1.25,3.25,22.5,119.0,1.5,2.0,2.25,4.5,3.75,11.5,0.5,1.0,29.25,3,1,21.5,20.25,210.0,1.0,0.25,1.25,27.0,117.25,1.0,2.5,3.0,4.0,6.0,15.0,1.25,1.75,29.14,23.75,21.25,173.25,1.5,1.0,3.75,32.5,194.25,1.0,2.0,2.75,4.0,6.0,13.0,0.5,0.5,33.18
356,2024,15,jets,jaguars,-3.0,3.0,40.5,32,25,2,2,20.0,23.0,194.5,1.25,0.25,2.75,19.75,85.5,0.5,2.0,2.0,3.25,4.75,12.75,1.0,2.25,28.18,29.25,23.75,251.5,1.25,0.0,1.5,27.25,91.5,1.75,2.5,2.5,2.75,4.0,11.0,1.25,1.75,32.8,2,2,10.75,19.5,178.0,0.5,1.5,1.25,21.5,66.25,0.5,1.25,1.5,4.5,4.5,12.25,1.0,1.25,23.64,23.25,23.0,261.5,1.25,0.75,1.25,34.75,149.75,1.0,2.5,2.5,2.25,6.0,13.25,1.25,2.0,36.36
357,2024,15,dolphins,texans,3.0,-3.0,46.5,12,20,3,1,29.25,31.75,311.5,2.75,0.0,2.25,20.75,57.5,0.5,2.25,2.25,2.75,4.25,11.75,1.75,2.25,32.8,22.5,25.0,261.0,1.5,0.5,2.5,20.75,85.75,0.5,2.25,2.5,3.0,5.0,12.75,1.25,1.75,28.18,2,2,26.75,21.0,220.0,1.0,1.25,2.75,23.75,86.25,1.25,2.5,3.0,4.5,4.5,13.25,0.5,0.75,30.22,22.0,22.5,269.25,1.75,2.0,3.25,27.0,99.5,0.5,2.0,2.5,3.75,5.25,14.0,0.75,1.75,29.78
358,2024,15,colts,broncos,4.5,-4.5,43.5,13,31,2,2,19.75,17.25,190.5,1.25,1.25,1.5,28.0,113.0,0.75,2.0,2.0,3.5,4.5,12.25,1.5,2.25,27.73,26.25,23.5,229.25,0.75,0.75,3.0,28.75,140.75,1.75,2.25,2.75,3.0,6.5,13.25,0.5,1.25,32.27,2,2,30.5,23.25,258.25,2.25,0.5,1.0,24.25,88.0,0.75,2.0,2.5,4.25,6.25,13.0,0.25,0.25,28.94,18.25,28.25,298.5,1.5,1.25,4.0,19.75,63.25,0.0,2.5,2.75,4.75,6.0,15.5,2.0,2.0,31.06
359,2024,15,bills,lions,2.5,-2.5,54.5,48,42,2,2,34.25,21.25,259.0,1.5,0.75,0.5,29.25,140.5,2.75,1.0,1.25,2.75,6.75,12.5,1.0,1.5,30.28,23.75,20.75,206.75,1.75,1.25,2.0,27.0,122.25,1.0,1.0,1.5,2.75,5.75,11.5,1.0,1.5,29.72,3,1,33.25,26.5,298.25,2.25,0.25,1.5,35.75,159.5,1.75,1.75,2.0,2.0,6.75,13.5,2.0,2.5,36.86,15.75,15.0,180.75,1.0,0.25,1.75,19.25,78.5,0.75,1.25,1.25,4.5,3.25,10.5,0.25,1.25,23.14
360,2024,15,steelers,eagles,5.5,-5.5,43.5,13,27,2,2,27.0,22.0,246.5,1.5,0.5,2.75,32.25,118.0,0.75,3.25,3.75,3.0,5.25,13.75,0.25,1.0,33.14,23.0,21.5,225.5,1.5,1.25,2.5,21.5,101.5,1.25,0.75,1.75,3.5,2.75,10.5,1.75,2.0,26.86,2,2,27.25,14.5,142.0,1.0,0.0,2.25,37.25,222.75,2.25,1.5,2.25,3.5,7.25,13.75,0.25,0.5,29.84,18.25,22.0,189.75,1.5,0.5,3.0,28.0,117.25,0.75,1.0,1.75,3.75,4.0,12.75,2.0,3.0,30.16
361,2024,15,patriots,cardinals,6.0,-6.0,46.5,17,30,2,2,20.0,22.5,211.5,1.25,1.0,3.0,29.25,138.75,0.25,2.5,3.25,3.25,5.0,13.25,0.5,1.0,32.98,22.5,18.75,195.25,2.5,0.5,2.75,25.5,97.25,0.25,1.0,1.25,4.75,3.0,11.25,1.5,2.0,27.02,2,2,19.25,25.5,248.75,1.0,1.25,2.25,25.0,117.75,0.75,2.25,3.0,3.0,4.25,11.0,0.5,1.0,30.57,18.75,22.25,196.5,1.0,0.25,3.25,22.0,97.0,0.5,2.25,2.5,3.5,5.25,12.5,0.5,1.0,29.43
362,2024,15,buccaneers,chargers,3.0,-3.0,45.5,40,17,2,2,26.0,20.5,219.0,1.25,1.0,2.5,31.0,163.75,1.75,1.75,2.0,4.0,4.5,12.25,1.0,1.25,32.55,16.5,24.0,247.75,0.75,0.25,2.5,22.0,80.0,0.75,2.0,3.25,3.5,5.0,12.75,0.75,1.25,29.24,2,2,22.75,19.0,201.75,0.75,0.0,3.5,21.5,97.0,1.25,2.25,2.25,4.5,4.25,12.25,1.0,1.25,27.47,22.25,23.0,238.75,1.5,1.0,2.0,31.0,133.5,0.75,2.25,3.0,3.5,6.0,15.25,2.0,2.5,32.53
363,2024,15,packers,seahawks,-2.5,2.5,46.5,30,13,2,2,29.75,14.75,222.25,1.5,0.25,1.0,29.0,122.0,2.25,1.25,1.25,3.0,3.25,8.5,0.25,0.75,27.8,20.0,27.25,256.25,1.5,0.5,2.75,24.5,93.25,0.75,1.5,1.75,2.5,5.75,13.75,2.5,3.75,32.2,1,3,23.0,22.75,205.75,0.75,0.5,3.0,25.5,104.75,1.25,2.0,2.0,3.75,6.0,13.75,0.5,1.0,31.05,15.5,22.75,199.75,1.25,1.25,2.75,21.25,97.5,0.25,1.0,1.5,4.25,4.75,12.0,0.5,1.25,28.95
364,2024,15,bears,vikings,7.0,-7.0,43.5,12,30,2,2,19.75,23.25,212.25,1.75,0.0,4.5,23.0,100.75,0.75,1.0,1.5,4.5,6.5,14.5,1.25,2.0,30.93,27.75,19.25,280.0,1.75,0.5,1.75,29.75,138.75,1.5,1.75,2.0,2.25,4.5,11.0,0.75,1.25,31.03,2,2,29.5,21.5,271.75,2.75,0.0,3.5,24.75,97.25,0.75,1.75,2.25,3.25,5.0,11.75,0.25,0.5,29.64,20.75,25.75,292.75,1.0,1.25,2.5,26.0,105.75,0.75,2.75,3.25,3.25,6.0,14.5,0.75,2.25,32.32
365,2024,15,falcons,raiders,-6.5,6.5,44.5,15,9,1,3,14.25,22.5,258.75,0.0,2.0,2.25,30.5,126.25,1.25,1.75,2.75,2.75,4.75,13.5,1.5,2.75,33.13,29.25,20.75,253.25,2.75,0.0,2.5,23.5,93.0,0.5,1.5,1.75,3.25,5.5,11.75,0.25,0.75,26.87,1,3,17.0,26.75,270.25,1.25,0.75,3.25,20.5,84.0,0.25,2.25,3.0,3.0,4.75,13.25,1.75,2.0,29.58,27.5,24.25,266.75,2.25,0.5,3.0,22.5,90.0,0.5,2.75,3.0,3.0,6.5,13.75,0.75,0.75,30.42
429,2024,16,broncos,chargers,3.0,-3.0,41.5,27,34,3,1,34.75,22.75,243.0,2.5,1.25,0.75,25.25,86.5,0.75,2.25,2.25,4.5,6.0,14.0,0.25,0.25,29.39,17.5,25.5,278.0,1.25,1.75,3.5,23.0,86.25,0.25,2.25,2.5,5.0,5.25,15.25,2.0,2.5,30.61,2,2,18.5,20.25,175.25,0.75,0.25,3.75,18.0,66.25,0.75,2.0,2.0,3.75,3.5,11.0,0.75,1.5,26.8,25.5,21.5,224.0,1.75,1.25,1.5,34.5,161.75,0.75,2.75,3.0,2.25,7.0,14.75,1.5,2.0,33.2
430,2024,16,texans,chiefs,3.5,-3.5,41.5,19,27,2,2,26.0,20.75,198.0,1.25,0.75,2.75,21.75,91.5,1.0,2.25,2.5,4.5,4.25,12.75,0.75,1.0,28.75,18.5,26.0,252.25,1.5,1.5,4.0,23.75,86.25,0.25,2.0,2.5,3.5,4.5,14.25,1.25,2.25,31.25,2,2,22.25,24.5,218.25,1.75,0.0,3.25,25.5,114.0,0.25,2.75,3.25,5.0,7.5,15.5,0.25,0.5,30.45,17.0,21.25,222.0,1.0,1.0,3.25,22.75,108.5,0.75,1.5,2.25,4.0,4.5,12.5,0.75,1.25,29.55
431,2024,16,steelers,ravens,7.0,-7.0,44.5,17,34,1,3,25.75,19.75,228.0,1.75,0.25,2.25,28.0,101.5,0.75,2.25,2.75,3.25,5.0,12.25,0.25,0.75,29.08,25.75,23.75,241.75,1.75,1.0,2.75,27.25,103.25,1.25,1.0,1.5,2.75,4.25,12.0,2.0,2.25,30.92,1,3,25.0,19.0,215.75,2.5,0.25,2.25,29.75,168.0,0.75,1.0,2.0,3.25,6.75,13.0,1.0,1.25,29.35,19.75,19.25,169.0,0.5,0.5,3.25,26.75,100.0,1.25,2.5,2.5,4.25,3.75,13.5,1.5,2.25,30.65
432,2024,16,giants,falcons,9.0,-9.0,42.5,7,34,3,1,13.0,21.5,173.5,0.25,0.75,3.75,21.0,89.75,1.25,0.75,1.0,5.0,3.75,13.5,1.5,3.0,28.41,26.5,21.5,241.0,1.75,0.25,1.25,32.0,135.25,1.5,0.75,1.25,4.0,6.75,13.0,0.25,1.0,31.59,1,3,13.75,19.5,210.25,0.25,2.0,2.25,31.75,123.0,0.75,2.0,2.5,3.5,4.5,13.25,1.25,2.25,32.82,26.5,22.5,232.0,2.5,0.5,3.5,22.25,85.25,0.5,1.25,1.5,3.25,5.25,12.0,0.75,1.0,27.18
433,2024,16,lions,bears,-6.5,6.5,47.5,34,17,3,1,30.75,29.25,304.25,2.5,0.25,2.25,28.75,122.5,1.25,1.5,2.0,2.75,6.75,14.25,2.0,2.5,33.91,26.25,16.5,239.0,1.5,0.0,1.5,23.5,117.5,1.75,1.25,1.5,3.5,4.0,10.5,0.25,1.0,26.09,1,3,18.0,22.25,202.0,2.0,0.0,4.25,21.75,84.25,0.25,1.0,1.25,4.75,4.5,13.5,0.75,2.0,29.37,30.25,22.0,268.75,1.75,0.5,2.0,30.75,140.75,1.5,2.5,2.75,2.75,6.0,13.25,0.75,1.25,32.59
434,2024,16,browns,bengals,9.5,-9.5,46.5,6,24,2,2,19.25,24.0,254.25,1.5,2.5,3.0,24.0,101.25,1.0,0.5,1.25,5.0,4.0,13.5,2.25,2.75,28.88,27.0,18.75,217.0,1.5,0.5,1.25,32.5,119.5,1.25,1.5,2.0,5.25,6.5,15.25,0.25,1.0,31.12,1,3,32.25,28.75,313.0,3.0,1.0,2.5,21.25,94.5,0.5,1.5,2.0,2.75,5.75,12.0,0.75,1.0,31.17,31.25,22.75,286.75,2.25,1.5,2.0,25.5,126.0,1.25,1.75,2.0,3.0,4.0,10.0,0.5,0.75,28.83
435,2024,16,titans,colts,3.5,-3.5,42.5,30,38,2,2,21.0,21.0,221.0,1.5,1.25,3.25,24.5,94.0,0.75,1.75,1.75,3.25,5.5,12.5,0.25,1.25,29.37,29.0,23.5,226.25,2.0,1.75,2.0,28.5,119.75,1.25,1.0,1.75,2.75,7.0,13.25,0.5,0.5,30.63,1,3,18.0,15.0,170.75,0.75,1.0,1.0,30.5,120.0,1.0,2.0,2.0,4.25,4.5,13.25,1.5,2.5,28.65,26.5,23.0,189.5,1.5,1.0,2.75,27.75,125.0,1.25,1.75,2.25,4.0,6.25,14.0,0.0,0.5,31.35
436,2024,16,rams,jets,-3.0,3.0,46.5,19,9,2,2,24.25,19.25,211.0,1.5,0.0,1.75,31.75,131.75,1.25,1.25,1.5,3.75,4.75,11.75,1.5,1.75,31.82,24.75,18.75,205.25,1.25,0.25,1.0,28.0,155.75,1.5,1.75,2.0,3.5,5.5,12.75,0.5,1.0,28.18,2,2,26.5,21.5,231.25,2.0,0.25,2.25,21.25,97.0,0.75,1.75,2.0,3.5,4.25,12.0,1.0,1.75,27.75,27.75,26.0,258.0,1.5,0.5,1.75,26.5,88.75,1.0,3.25,3.25,3.0,4.75,13.0,1.0,1.5,33.23
437,2024,16,eagles,commanders,-3.5,3.5,45.5,33,36,2,2,27.5,16.25,158.0,1.5,0.0,2.5,37.75,198.5,1.75,1.5,1.75,3.0,7.5,14.0,0.5,0.75,31.54,17.0,20.0,173.75,1.5,0.25,2.75,25.25,108.0,0.5,1.25,2.0,3.75,4.0,12.25,1.75,2.5,28.46,2,2,26.5,24.25,205.75,2.0,1.0,4.25,33.25,160.5,1.25,1.25,2.25,3.75,6.25,13.75,0.75,1.0,33.2,24.5,18.75,208.25,1.5,0.25,2.0,23.75,105.75,0.75,2.0,3.0,4.25,4.75,12.5,0.25,0.5,26.8
438,2024,16,cardinals,panthers,-5.0,5.0,47.5,30,36,2,2,19.0,26.25,242.0,0.75,1.25,2.0,25.0,121.75,0.5,2.75,3.5,3.25,5.5,13.0,0.25,0.75,30.92,21.5,21.5,213.25,1.25,0.5,3.0,23.75,106.25,0.75,2.0,2.5,3.5,3.75,10.75,0.5,0.75,29.07,3,1,20.0,21.25,224.25,1.0,0.75,2.5,23.0,85.25,1.0,2.0,2.5,3.25,5.25,14.0,1.5,2.0,28.79,27.0,20.25,179.25,2.25,0.5,3.5,34.0,205.25,0.5,2.5,3.25,3.25,5.75,12.25,0.5,0.5,33.0
439,2024,16,vikings,seahawks,-3.0,3.0,42.5,27,24,3,1,31.25,22.5,266.5,2.5,0.25,3.5,23.75,105.25,1.0,2.25,2.75,2.75,5.5,11.75,0.25,0.75,28.98,20.5,26.25,270.25,1.0,1.0,1.75,28.5,125.75,0.75,2.75,3.25,2.75,4.75,13.75,1.0,2.5,32.98,2,2,21.25,21.5,189.0,0.75,0.75,3.75,23.75,101.25,1.0,2.0,2.0,4.75,5.5,13.75,0.25,0.5,31.16,18.75,22.5,220.5,1.5,1.0,2.25,23.0,99.75,0.25,1.5,2.0,4.5,4.25,12.25,0.5,1.5,28.84
440,2024,16,patriots,bills,14.0,-14.0,46.5,21,24,2,2,19.5,23.5,214.25,1.25,1.0,3.25,26.5,131.75,0.5,1.75,2.75,2.5,3.75,11.25,0.5,1.25,31.33,29.25,21.0,236.0,2.5,0.5,0.5,28.5,119.75,0.75,1.5,1.75,3.25,5.25,11.5,1.0,1.0,28.67,2,2,38.75,21.5,279.5,2.0,0.25,0.0,30.0,156.0,3.25,0.75,1.25,2.5,6.25,11.5,0.75,1.0,30.43,29.25,23.75,265.0,2.5,0.5,1.75,25.25,104.0,1.25,0.5,1.25,3.0,6.25,12.0,1.25,1.5,29.57
441,2024,16,jaguars,raiders,2.0,-2.0,40.5,14,19,2,2,15.25,23.75,227.5,1.0,1.5,1.0,24.25,86.25,0.25,2.25,2.5,3.75,5.25,13.25,1.0,1.25,27.82,28.25,21.0,272.0,2.0,0.0,1.25,29.75,138.75,1.25,1.75,2.0,2.5,5.75,12.25,1.25,2.0,32.18,2,2,14.5,25.0,249.25,1.0,1.0,3.5,22.0,85.25,0.25,2.0,2.75,4.0,3.75,13.25,1.75,2.0,29.41,22.75,20.0,222.25,1.75,0.75,3.25,25.25,111.5,0.25,2.75,3.25,4.5,5.5,14.0,0.25,0.25,30.59
442,2024,16,49ers,dolphins,-1.0,1.0,44.5,17,29,2,2,16.0,15.5,183.0,0.75,0.75,2.0,24.0,97.75,1.0,1.25,1.75,3.75,3.75,11.0,0.75,1.25,26.64,24.5,15.25,140.5,1.5,0.0,2.25,34.75,149.75,1.5,1.25,1.5,4.75,5.0,12.5,0.75,1.0,33.36,2,2,23.75,32.0,286.75,2.25,0.75,2.5,19.0,50.0,0.25,2.25,2.25,3.5,3.25,12.0,1.75,2.25,32.85,22.75,22.0,220.0,1.5,0.25,2.75,21.75,90.0,0.5,2.25,2.5,4.0,4.25,12.5,1.0,1.5,28.13
443,2024,16,buccaneers,cowboys,-4.5,4.5,48.5,24,26,1,3,31.0,21.5,263.5,2.0,1.25,2.25,34.0,192.0,1.5,2.25,2.5,2.5,5.5,12.5,1.0,1.25,34.7,15.0,23.25,206.75,0.75,0.5,2.5,19.25,69.25,0.75,1.5,2.0,4.0,3.75,11.5,0.75,1.75,27.09,2,2,27.75,19.75,200.25,2.0,0.25,1.25,31.25,145.0,0.25,2.25,3.0,4.25,4.75,12.5,0.25,0.75,31.85,21.75,24.5,233.0,1.5,1.5,4.5,20.25,98.75,1.0,1.5,1.75,4.5,3.5,11.25,0.5,0.75,28.15
444,2024,16,saints,packers,14.5,-14.5,42.5,0,34,3,1,20.5,20.25,204.75,1.5,0.75,1.5,27.0,129.5,1.0,1.0,1.75,4.25,4.5,12.75,1.0,1.5,28.56,16.5,22.5,236.25,1.5,0.25,3.75,26.75,117.75,0.5,0.75,1.75,4.75,5.25,14.5,1.25,2.5,31.44,2,2,32.25,16.5,214.5,1.75,0.0,0.75,31.25,130.5,2.0,2.0,2.0,3.75,4.25,10.25,0.25,0.75,30.13,18.5,26.5,235.25,1.5,1.0,3.75,20.0,68.5,0.5,1.5,1.5,3.5,4.5,13.0,1.75,3.0,29.87
475,2024,17,jets,bills,10.0,-10.0,45.5,14,40,2,2,22.0,23.0,252.25,1.75,0.25,1.75,21.25,93.0,0.5,1.5,2.0,2.25,4.5,12.0,1.5,2.75,29.34,25.5,24.5,225.25,1.5,0.75,1.25,25.5,99.0,0.75,3.0,3.0,2.5,4.5,11.75,0.75,1.0,31.64,2,2,37.25,18.75,252.0,2.0,0.25,0.25,29.25,173.0,2.75,0.75,1.25,2.75,5.0,10.5,0.75,0.75,29.18,29.25,23.5,283.0,2.25,0.25,1.75,28.5,116.0,1.5,0.5,1.25,2.75,6.75,12.5,1.75,1.75,30.82
476,2024,17,raiders,saints,-2.0,2.0,37.5,25,10,2,2,14.5,23.25,235.5,0.75,0.75,2.75,24.75,85.25,0.75,1.5,2.5,4.5,3.75,13.25,1.25,1.5,30.78,19.0,20.0,215.75,1.5,0.75,3.25,25.0,113.75,0.5,1.5,2.0,5.25,5.5,14.0,0.5,0.75,29.22,2,2,11.75,18.5,172.25,1.0,0.75,2.0,25.0,92.75,0.25,1.0,1.75,4.5,4.25,13.0,0.75,1.75,26.6,21.5,19.25,196.0,1.25,0.25,3.0,31.5,148.25,1.25,1.25,1.75,4.0,6.0,14.5,1.75,2.5,33.4
477,2024,17,colts,giants,-7.5,7.5,40.5,33,45,2,2,20.5,11.75,141.25,0.75,1.25,0.75,34.25,181.0,1.5,1.5,1.75,4.25,5.0,13.25,1.5,2.25,28.33,27.25,23.25,209.5,1.5,1.75,2.25,28.25,118.5,1.5,1.25,2.0,3.75,6.5,13.5,0.0,0.25,31.67,2,2,13.0,21.5,178.5,0.5,1.25,3.5,19.25,82.0,1.0,0.75,1.0,5.25,3.25,13.0,1.5,2.75,28.29,27.5,20.0,218.0,1.75,0.5,1.25,33.5,127.75,1.0,1.0,1.75,4.0,7.25,13.75,0.0,0.5,31.71
478,2024,17,cowboys,eagles,7.5,-7.5,38.5,7,41,3,1,25.75,20.25,211.5,1.75,0.25,1.25,29.25,130.0,0.5,2.75,3.0,4.0,5.5,13.5,0.25,0.75,29.85,21.25,26.0,235.25,1.5,1.25,4.5,19.75,96.0,1.0,1.25,1.25,4.0,4.0,11.25,0.5,1.0,30.15,2,2,26.5,16.25,148.0,1.5,0.25,3.25,36.25,172.75,1.5,1.75,2.25,3.75,6.0,14.25,1.25,1.25,32.19,21.0,20.0,188.0,2.25,0.75,1.75,26.75,113.25,0.25,1.25,1.75,3.25,5.75,13.5,1.5,2.5,27.81
479,2024,17,panthers,buccaneers,9.5,-9.5,48.5,14,48,3,1,22.25,20.25,199.25,1.25,0.75,2.75,26.75,124.75,1.5,1.25,1.75,4.0,5.5,14.25,1.5,2.0,30.18,27.0,18.5,166.75,1.75,0.75,3.0,34.75,215.5,1.0,2.5,3.25,3.5,5.25,12.25,0.5,0.5,33.28,1,3,29.5,23.25,259.0,2.5,1.5,3.25,31.75,186.25,0.75,2.25,2.5,3.0,5.5,12.75,0.75,1.0,34.4,19.75,24.25,236.0,1.0,0.5,1.75,19.25,58.0,0.75,2.5,3.0,4.25,3.75,12.5,0.75,1.25,27.39
480,2024,17,titans,jaguars,-1.0,1.0,39.5,13,20,2,2,20.5,22.25,222.25,1.5,1.75,1.5,21.75,77.25,1.0,1.0,1.25,3.0,5.75,11.75,0.0,1.0,27.5,31.75,20.25,202.0,1.75,1.5,1.25,36.75,193.5,2.25,0.75,1.5,2.5,8.25,13.75,0.75,0.75,32.5,2,2,17.25,25.75,254.25,1.25,1.25,1.0,25.25,94.0,0.5,1.75,2.0,4.25,6.25,14.5,1.0,1.25,29.02,20.0,20.25,221.0,1.0,0.0,1.75,25.75,107.0,1.0,2.0,2.5,4.0,5.25,13.25,0.5,1.25,30.98
481,2024,17,dolphins,browns,-3.5,3.5,33.5,20,3,2,2,22.5,30.25,263.5,1.5,0.75,2.0,20.5,75.25,0.5,3.0,3.0,2.75,3.25,12.0,1.75,2.25,33.11,23.25,23.0,247.5,1.75,0.25,2.5,21.0,88.75,0.5,2.5,2.75,3.75,4.75,12.25,0.75,1.0,27.87,1,3,14.75,24.5,230.75,1.5,2.75,4.0,23.25,117.0,0.5,0.25,1.0,5.25,4.5,14.0,1.5,2.5,29.94,28.25,19.25,207.5,2.0,0.5,1.25,29.5,118.5,1.0,1.25,1.75,6.0,5.75,14.0,0.0,0.25,30.06
482,2024,17,packers,vikings,1.0,-1.0,48.5,25,27,2,2,31.25,17.5,229.5,1.5,0.0,0.25,30.5,135.25,2.0,2.25,2.25,3.25,4.25,10.25,0.75,1.0,30.25,16.0,26.0,218.25,1.25,1.0,4.0,21.0,74.25,0.5,1.25,1.25,3.75,4.75,13.25,1.75,3.0,29.75,3,1,30.5,22.25,238.75,2.75,0.25,3.5,23.0,94.5,0.75,2.0,2.5,3.25,4.75,11.5,0.5,0.75,28.3,19.75,26.0,265.75,1.25,1.5,1.5,26.75,121.0,0.5,2.5,3.0,2.5,3.75,12.0,0.75,2.0,31.7
483,2024,17,falcons,commanders,3.5,-3.5,46.5,24,30,2,2,20.75,19.0,216.75,0.25,2.0,1.25,36.0,142.25,1.25,2.0,2.75,2.75,5.5,13.5,0.75,1.75,33.96,18.75,21.0,205.5,1.75,1.0,4.0,19.0,70.25,0.25,1.0,1.25,3.75,4.5,11.5,0.5,1.0,26.04,3,1,31.0,24.75,226.75,3.0,1.25,3.75,32.25,165.5,1.0,1.0,2.0,3.0,7.25,14.0,1.0,1.25,32.39,26.25,18.0,188.5,1.75,0.5,2.5,23.5,101.5,0.5,2.5,3.25,4.5,3.25,12.5,1.0,1.25,27.61
484,2024,17,lions,49ers,-3.5,3.5,50.5,40,34,3,1,33.25,28.5,323.25,3.25,0.25,1.75,28.5,124.75,0.75,1.75,2.5,2.0,6.25,13.5,2.0,2.5,32.53,29.0,20.25,276.75,2.0,0.0,2.0,22.5,108.25,1.75,1.0,1.25,2.75,3.75,10.0,1.0,1.75,27.47,2,2,17.75,17.75,207.0,1.0,0.75,2.25,24.5,107.0,1.0,1.25,2.0,4.0,4.25,11.75,0.75,1.0,27.55,22.25,17.5,155.25,1.25,0.0,1.75,31.75,149.0,1.0,2.25,2.5,4.25,4.5,12.25,0.5,0.5,32.45
